{"type": "block", "layer": 1, "block": 1, "features": [{"geom": {"lines": [[-1384.9791367333382, 1882.5130538446829, 0.0, -1485.8457273412496, 2047.9704670701176, 0.0]]}, "mtl": {"idx": 0}}, {"geom": {"lines": [[-280.7120519634336, 1891.9163874089718, 0.0, -240.53684773482382, 1906.567662187852, 0.0, -162.42396104708314, 1930.2126539498568, 0.0, -94.85303013585508, 1951.7507288958877, 0.0, -65.29770532995462, 1961.8954950328916, 0.0, -55.167631667107344, 1960.6273985421285, 0.0, -47.98752451129258, 1951.321527544409, 0.0, -32.94826130568981, 1914.4883362278342, 0.0]]}, "mtl": {"idx": 0}}, {"geom": {"lines": [[-206.1391250807792, 1989.5595592623577, 0.0, -170.99556183815002, 2000.5627828612924, 0.0, -123.05025715380907, 2016.5408959509805, 0.0, -96.06641258485615, 2028.6171717317775, 0.0, -87.55047153867781, 2028.266003511846, 0.0, -81.16073276661336, 2023.2911221012473, 0.0, -75.11608441732824, 2011.5855313548818, 0.0, -58.78551511652768, 1973.581501682289, 0.0, -47.98752451129258, 1951.321527544409, 0.0]]}, "mtl": {"idx": 0}}], "featureCount": 3, "startIndex": 50}