{"type": "block", "layer": 2, "block": 3, "features": [{"geom": {"polygons": [[[[-411.57924534007907, -883.4651487804949], [-394.71434248425066, -881.0273942770436], [-392.8998347837478, -893.567195288837], [-409.7647376395762, -896.0049458555877], [-411.57924534007907, -883.4651487804949]]]], "centroids": [[-402.23953963443637, -888.5161709543318, 214.24789428710938]], "h": 30.0}, "mtl": {"idx": 0, "edge": 127}}, {"geom": {"polygons": [[[[-431.49430224113166, -789.3867720561102], [-418.2027550432831, -787.3195312507451], [-414.6739271841943, -809.9421365521848], [-427.96547438390553, -812.0093713402748], [-431.49430224113166, -789.3867720561102]]]], "centroids": [[-423.0841144453734, -799.6644526263699, 213.3999481201172]], "h": 30.0}, "mtl": {"idx": 0, "edge": 8}}], "featureCount": 2, "startIndex": 150}